[
  {
    "country": "Albania",
    "currency": "Lek",
    "code": "ALL",
    "symbol": "Lek",
    "iso-3166": {
      "alpha2": "AL",
      "alpha3": "ALB",
      "numeric": "008"
    },
    "url": "/flags/albania.png"
  },{
    "country": "United Arab Emirates",
    "currency": "dirham",
    "code": "AED",
    "symbol": "د.إ",
    "iso-3166": {
      "alpha2": "AE",
      "alpha3": "ARE",
      "numeric": "784"
    },
    "url": "/flags/united_emirate.png"
  },{
    "country": "Afghanistan",
    "currency": "Afghani",
    "code": "AFN",
    "symbol": "؋",
    "iso-3166": {
      "alpha2": "AF",
      "alpha3": "AFG",
      "numeric": "004"
    },
    "url": "/flags/afghanistan.png"
  },{
    "country": "Armenia",
    "currency": "Dram",
    "code": "AMD",
    "symbol": "֏",
    "iso-3166": {
      "alpha2": "AM",
      "alpha3": "ARM",
      "numeric": "051"
    },
    "url": "/flags/armenia.png"
  },{
    "country": "Angolan",
    "currency": "kwanza",
    "code": "AOA",
    "symbol": "Kz",
    "iso-3166": {
      "alpha2": "AO",
      "alpha3": "AGO",
      "numeric": "024"
    },
    "url": "/flags/angola.png"
  },{
    "country": "Argentina",
    "currency": "Peso",
    "code": "ARS",
    "symbol": "$",
    "iso-3166": {
      "alpha2": "AR",
      "alpha3": "ARG",
      "numeric": "032"
    },
    "url": "/flags/argentina.png"
  },{
    "country": "Aruba",
    "currency": "Guilder",
    "code": "AWG",
    "symbol": "ƒ",
    "iso-3166": {
      "alpha2": "AW",
      "alpha3": "ABW",
      "numeric": "533"
    },
    "url": "/flags/aruba.png"
  },{
    "country": "Australia",
    "currency": "Dollar",
    "code": "AUD",
    "symbol": "$",
    "iso-3166": {
      "alpha2": "AU",
      "alpha3": "AUS",
      "numeric": "036"
    },
    "url": "/flags/australia.png"
  },{
    "country": "Azerbaijan",
    "currency": "Manat",
    "code": "AZN",
    "symbol": "₼",
    "iso-3166": {
      "alpha2": "AZ",
      "alpha3": "AZE",
      "numeric": "031"
    },
    "url": "/flags/azerbaijan.png"
  },{
    "country": "Bahrain",
    "currency": "Dinar",
    "code": "BHD",
    "symbol": "BD",
    "iso-3166": {
      "alpha2": "BH",
      "alpha3": "BHR",
      "numeric": "048"
    },
    "url": "/flags/"
  },{
    "country": "Burundi",
    "currency": "Franc",
    "code": "BIF",
    "symbol": "FBu",
    "iso-3166": {
      "alpha2": "BI",
      "alpha3": "BDI",
      "numeric": "108"
    },
    "url": "/flags/"
  },{
    "country": "Bahamas",
    "currency": "Dollar",
    "code": "BSD",
    "symbol": "$",
    "iso-3166": {
      "alpha2": "BS",
      "alpha3": "BHS",
      "numeric": "044"
    },
    "url": "/flags/"
  },{
    "country": "Bitcoin",
    "currency": "Bitcoin",
    "code": "BTC",
    "symbol": "₿",
    "iso-3166": {
      "alpha2": "",
      "alpha3": "",
      "numeric": ""
    },
    "url": "/flags/"
  },{
    "country": "Bitcoin",
    "currency": "Ngultrum",
    "code": "BTN",
    "symbol": "Nu",
    "iso-3166": {
      "alpha2": "BT",
      "alpha3": "BTN",
      "numeric": "064"
    },
    "url": "/flags/"
  },{
    "country": "Barbados",
    "currency": "Dollar",
    "code": "BBD",
    "symbol": "$",
    "iso-3166": {
      "alpha2": "BB",
      "alpha3": "BRB",
      "numeric": "052"
    },
    "url": "/flags/"
  },{
    "country": "Bangladesh",
    "currency": "Taka",
    "code": "BDT",
    "symbol": "৳",
    "iso-3166": {
      "alpha2": "BD",
      "alpha3": "BGD",
      "numeric": "050"
    },
    "url": "/flags/"
  },{
    "country": "Belarus",
    "currency": "Ruble",
    "code": "BYN",
    "symbol": "Br",
    "iso-3166": {
      "alpha2": "BY",
      "alpha3": "BLR",
      "numeric": "112"
    },
    "url": "/flags/"
  },{
    "country": "Belarus",
    "currency": "Ruble",
    "code": "BYR",
    "symbol": "p.",
    "iso-3166": {
      "alpha2": "BY",
      "alpha3": "BLR",
      "numeric": "112"
    },
    "url": "/flags/"
  },{
    "country": "Belize",
    "currency": "Dollar",
    "code": "BZD",
    "symbol": "BZ$",
    "iso-3166": {
      "alpha2": "BZ",
      "alpha3": "BLZ",
      "numeric": "084"
    },
    "url": "/flags/"
  },{
    "country": "Bermuda",
    "currency": "Dollar",
    "code": "BMD",
    "symbol": "$",
    "iso-3166": {
      "alpha2": "BM",
      "alpha3": "BMU",
      "numeric": "060"
    },
    "url": "/flags/"
  },{
    "country": "Bolivia",
    "currency": "Boliviano",
    "code": "BOB",
    "symbol": "$b",
    "iso-3166": {
      "alpha2": "BO",
      "alpha3": "BOL",
      "numeric": "068"
    },
    "url": "/flags/"
  },{
    "country": "Bosnia and Herzegovina",
    "currency": "Convertible Marka",
    "code": "BAM",
    "symbol": "KM",
    "iso-3166": {
      "alpha2": "BA",
      "alpha3": "BIH",
      "numeric": "070"
    },
    "url": "/flags/"
  },{
    "country": "Botswana",
    "currency": "Pula",
    "code": "BWP",
    "symbol": "P",
    "iso-3166": {
      "alpha2": "BW",
      "alpha3": "BWA",
      "numeric": "072"
    },
    "url": "/flags/"
  },{
    "country": "Bulgaria",
    "currency": "Lev",
    "code": "BGN",
    "symbol": "лв",
    "iso-3166": {
      "alpha2": "BG",
      "alpha3": "BGR",
      "numeric": "100"
    },
    "url": "/flags/"
  },{
    "country": "Brazil",
    "currency": "Real",
    "code": "BRL",
    "symbol": "R$",
    "iso-3166": {
      "alpha2": "BF",
      "alpha3": "BFA",
      "numeric": "854"
    },
    "url": "/flags/"
  },{
    "country": "Brunei",
    "currency": "Darussalam Dollar",
    "code": "BND",
    "symbol": "$",
    "iso-3166": {
      "alpha2": "BN",
      "alpha3": "BRN",
      "numeric": "096"
    },
    "url": "/flags/"
  },{
    "country": "Cambodia",
    "currency": "Riel",
    "code": "KHR",
    "symbol": "៛",
    "iso-3166": {
      "alpha2": "KH",
      "alpha3": "KHM",
      "numeric": "116"
    },
    "url": "/flags/"
  },{
    "country": "Comoros",
    "currency": "Franc",
    "code": "KMF",
    "symbol": "CF",
    "iso-3166": {
      "alpha2": "KM",
      "alpha3": "COM",
      "numeric": "174"
    },
    "url": "/flags/"
  },{
    "country": "Canada",
    "currency": "Dollar",
    "code": "CAD",
    "symbol": "$",
    "iso-3166": {
      "alpha2": "CA",
      "alpha3": "CAN",
      "numeric": "124"
    },
    "url": "/flags/"
  },{
    "country": "Congo",
    "currency": "Franc",
    "code": "CDF",
    "symbol": "FC",
    "iso-3166": {
      "alpha2": "CD",
      "alpha3": "COD",
      "numeric": "180"
    },
    "url": "/flags/"
  },{
    "country": "Cayman",
    "currency": "Dollar",
    "code": "KYD",
    "symbol": "$",
    "iso-3166": {
      "alpha2": "KY",
      "alpha3": "CYM",
      "numeric": "136"
    },
    "url": "/flags/"
  },{
    "country": "Chile",
    "currency": "Peso",
    "code": "CLP",
    "symbol": "$",
    "iso-3166": {
      "alpha2": "CL",
      "alpha3": "CHL",
      "numeric": "152"
    },
    "url": "/flags/"
  },{
    "country": "Chile",
    "currency": "Unidad de Fomento",
    "code": "CLF",
    "symbol": "UF",
    "iso-3166": {
      "alpha2": "",
      "alpha3": "",
      "numeric": ""
    },
    "url": "/flags/"
  },{
    "country": "China",
    "currency": "Yuan Renminbi",
    "code": "CNY",
    "symbol": "¥",
    "iso-3166": {
      "alpha2": "CN",
      "alpha3": "CHN",
      "numeric": "156"
    },
    "url": "/flags/"
  },{
    "country": "China",
    "currency": "Yuan Renminbi",
    "code": "CNH",
    "symbol": "¥",
    "iso-3166": {
      "alpha2": "CN",
      "alpha3": "CHN",
      "numeric": "156"
    },
    "url": "/flags/"
  },{
    "country": "Colombia",
    "currency": "Peso",
    "code": "COP",
    "symbol": "$",
    "iso-3166": {
      "alpha2": "CO",
      "alpha3": "COL",
      "numeric": "170"
    },
    "url": "/flags/"
  },{
    "country": "Costa Rica",
    "currency": "Colon",
    "code": "CRC",
    "symbol": "₡",
    "iso-3166": {
      "alpha2": "CR",
      "alpha3": "CRI",
      "numeric": "188"
    },
    "url": "/flags/"
  },{
    "country": "Croatia",
    "currency": "Kuna",
    "code": "HRK",
    "symbol": "kn",
    "iso-3166": {
      "alpha2": "HR",
      "alpha3": "HRV",
      "numeric": "191"
    },
    "url": "/flags/"
  },{
    "country": "Cuba",
    "currency": "Peso",
    "code": "CUP",
    "symbol": "₱",
    "iso-3166": {
      "alpha2": "CU",
      "alpha3": "CUB",
      "numeric": "192"
    },
    "url": "/flags/"
  },{
    "country": "Cuba",
    "currency": "Cuban Convertible Peso",
    "code": "CUC",
    "symbol": "$",
    "iso-3166": {
      "alpha2": "CU",
      "alpha3": "CUB",
      "numeric": "192"
    },
    "url": "/flags/"
  },{
    "country": "Cabo Verde",
    "currency": "Cape Verdean escudo",
    "code": "CVE",
    "symbol": "$",
    "iso-3166": {
      "alpha2": "CV",
      "alpha3": "CPV",
      "numeric": "132"
    },
    "url": "/flags/"
  },{
    "country": "Czech Republic",
    "currency": "Koruna",
    "code": "CZK",
    "symbol": "Kč",
    "iso-3166": {
      "alpha2": "CZ",
      "alpha3": "CZE",
      "numeric": "203"
    },
    "url": "/flags/"
  },{
    "country": "Djibouti",
    "currency": "Franco",
    "code": "DJF",
    "symbol": "Fdj",
    "iso-3166": {
      "alpha2": "DJ",
      "alpha3": "DJI",
      "numeric": "262"
    },
    "url": "/flags/"
  },{
    "country": "Denmark",
    "currency": "Krone",
    "code": "DKK",
    "symbol": "kr",
    "iso-3166": {
      "alpha2": "DK",
      "alpha3": "DNK",
      "numeric": "208"
    },
    "url": "/flags/"
  },{
    "country": "Dominican Republic",
    "currency": "Peso",
    "code": "DOP",
    "symbol": "RD$",
    "iso-3166": {
      "alpha2": "DO",
      "alpha3": "DOM",
      "numeric": "214"
    },
    "url": "/flags/"
  },{
    "country": "Algeria",
    "currency": "Dinar",
    "code": "DZD",
    "symbol": "دج",
    "iso-3166": {
      "alpha2": "DZ",
      "alpha3": "DZA",
      "numeric": "012"
    },
    "url": "/flags/"
  },{
    "country": "Egypt",
    "currency": "Pound",
    "code": "EGP",
    "symbol": "£",
    "iso-3166": {
      "alpha2": "EG",
      "alpha3": "EGY",
      "numeric": "818"
    },
    "url": "/flags/"
  },{
    "country": "Eritrea",
    "currency": "nakfa",
    "code": "ERN",
    "symbol": "ናቕፋ",
    "iso-3166": {
      "alpha2": "ER",
      "alpha3": "ERI",
      "numeric": "232"
    },
    "url": "/flags/"
  },{
    "country": "Ethiopia",
    "currency": "Birr",
    "code": "ETB",
    "symbol": "ብር",
    "iso-3166": {
      "alpha2": "ET",
      "alpha3": "ETH",
      "numeric": "231"
    },
    "url": "/flags/"
  },{
    "country": "El Salvador",
    "currency": "Colon",
    "code": "SVC",
    "symbol": "$",
    "iso-3166": {
      "alpha2": "SV",
      "alpha3": "SLV",
      "numeric": "222"
    },
    "url": "/flags/"
  },{
    "country": "Estonia",
    "currency": "Kroon",
    "code": "EEK",
    "symbol": "kr",
    "iso-3166": {
      "alpha2": "EE",
      "alpha3": "EST",
      "numeric": "233"
    },
    "url": "/flags/"
  },{
    "country": "Euro",
    "currency": "Euro",
    "code": "EUR",
    "symbol": "€",
    "iso-3166": {
      "alpha2": "",
      "alpha3": "",
      "numeric": ""
    },
    "url": "/flags/"
  },{
    "country": "Falkland Islands",
    "currency": "Pound",
    "code": "FKP",
    "symbol": "£",
    "iso-3166": {
      "alpha2": "FK",
      "alpha3": "FLK",
      "numeric": "238"
    },
    "url": "/flags/"
  },{
    "country": "Fiji",
    "currency": "Dollar",
    "code": "FJD",
    "symbol": "$",
    "iso-3166": {
      "alpha2": "FJ",
      "alpha3": "FJI",
      "numeric": "242"
    },
    "url": "/flags/"
  },{
    "country": "Georgia",
    "currency": "Lari",
    "code": "GEL",
    "symbol": "₾",
    "iso-3166": {
      "alpha2": "GE",
      "alpha3": "GEO",
      "numeric": "268"
    },
    "url": "/flags/"
  },{
    "country": "Ghana",
    "currency": "Cedis",
    "code": "GHC",
    "symbol": "¢",
    "iso-3166": {
      "alpha2": "GH",
      "alpha3": "GHA",
      "numeric": "288"
    },
    "url": "/flags/"
  },{
    "country": "Gibraltar",
    "currency": "Pound",
    "code": "GIP",
    "symbol": "£",
    "iso-3166": {
      "alpha2": "GI",
      "alpha3": "GIB",
      "numeric": "292"
    },
    "url": "/flags/"
  },{
    "country": "Guatemala",
    "currency": "Quetzal",
    "code": "GTQ",
    "symbol": "Q",
    "iso-3166": {
      "alpha2": "GT",
      "alpha3": "GTM",
      "numeric": "320"
    },
    "url": "/flags/"
  },{
    "country": "Guernsey",
    "currency": "Pound",
    "code": "GGP",
    "symbol": "£",
    "iso-3166": {
      "alpha2": "GG",
      "alpha3": "GGY",
      "numeric": "831"
    },
    "url": "/flags/"
  },{
    "country": "Ghana",
    "currency": "Cedi",
    "code": "GHS",
    "symbol": "GH₵",
    "iso-3166": {
      "alpha2": "GH",
      "alpha3": "GHA",
      "numeric": "288"
    },
    "url": "/flags/"
  },{
    "country": "Guyana",
    "currency": "Dollar",
    "code": "GYD",
    "symbol": "$",
    "iso-3166": {
      "alpha2": "GY",
      "alpha3": "GUY",
      "numeric": "328"
    },
    "url": "/flags/"
  },{
    "country": "The Gambia",
    "currency": "Dalasi",
    "code": "GMD",
    "symbol": "D",
    "iso-3166": {
      "alpha2": "GM",
      "alpha3": "GMB",
      "numeric": "270"
    },
    "url": "/flags/"
  },{
    "country": "Guinea",
    "currency": "Franc",
    "code": "GNF",
    "symbol": "FG",
    "iso-3166": {
      "alpha2": "GN",
      "alpha3": "GIN",
      "numeric": "324"
    },
    "url": "/flags/"
  },{
    "country": "Honduras",
    "currency": "Lempira",
    "code": "HNL",
    "symbol": "L",
    "iso-3166": {
      "alpha2": "HN",
      "alpha3": "HND",
      "numeric": "340"
    },
    "url": "/flags/"
  },{
    "country": "Hong Kong",
    "currency": "Dollar",
    "code": "HKD",
    "symbol": "$",
    "iso-3166": {
      "alpha2": "HK",
      "alpha3": "HKG",
      "numeric": "344"
    },
    "url": "/flags/"
  },{
    "country": "Haiti",
    "currency": "Gourde",
    "code": "HTG",
    "symbol": "G",
    "iso-3166": {
      "alpha2": "HT",
      "alpha3": "HTI",
      "numeric": "332"
    },
    "url": "/flags/"
  },{
    "country": "Hungary",
    "currency": "Forint",
    "code": "HUF",
    "symbol": "Ft",
    "iso-3166": {
      "alpha2": "HU",
      "alpha3": "HUN",
      "numeric": "348"
    },
    "url": "/flags/"
  },{
    "country": "Iceland",
    "currency": "Krona",
    "code": "ISK",
    "symbol": "kr",
    "iso-3166": {
      "alpha2": "IS",
      "alpha3": "ISL",
      "numeric": "352"
    },
    "url": "/flags/"
  },{
    "country": "India",
    "currency": "Rupee",
    "code": "INR",
    "symbol": "₹",
    "iso-3166": {
      "alpha2": "IN",
      "alpha3": "IND",
      "numeric": "356"
    },
    "url": "/flags/"
  },{
    "country": "Iraq",
    "currency": "Dinar",
    "code": "IQD",
    "symbol": "د.ع",
    "iso-3166": {
      "alpha2": "IQ",
      "alpha3": "IRQ",
      "numeric": "368"
    },
    "url": "/flags/"
  },{
    "country": "Indonesia",
    "currency": "Rupiah",
    "code": "IDR",
    "symbol": "Rp",
    "iso-3166": {
      "alpha2": "ID",
      "alpha3": "IDN",
      "numeric": "360"
    },
    "url": "/flags/"
  },{
    "country": "Iran",
    "currency": "Rial",
    "code": "IRR",
    "symbol": "﷼",
    "iso-3166": {
      "alpha2": "IR",
      "alpha3": "IRN",
      "numeric": "364"
    },
    "url": "/flags/"
  },{
    "country": "Isle of Man",
    "currency": "Pound",
    "code": "IMP",
    "symbol": "£",
    "iso-3166": {
      "alpha2": "IM",
      "alpha3": "IMN",
      "numeric": "833"
    },
    "url": "/flags/"
  },{
    "country": "Israel",
    "currency": "Shekel",
    "code": "ILS",
    "symbol": "₪",
    "iso-3166": {
      "alpha2": "IL",
      "alpha3": "ISR",
      "numeric": "376"
    },
    "url": "/flags/"
  },{
    "country": "Jamaica",
    "currency": "Dollar",
    "code": "JMD",
    "symbol": "J$",
    "iso-3166": {
      "alpha2": "JM",
      "alpha3": "JAM",
      "numeric": "388"
    },
    "url": "/flags/"
  },{
    "country": "Jordan",
    "currency": "Dinar",
    "code": "JOD",
    "symbol": "د.أ",
    "iso-3166": {
      "alpha2": "JO",
      "alpha3": "JOR",
      "numeric": "400"
    },
    "url": "/flags/"
  },{
    "country": "Japan",
    "currency": "Yen",
    "code": "JPY",
    "symbol": "¥",
    "iso-3166": {
      "alpha2": "JP",
      "alpha3": "JPN",
      "numeric": "392"
    },
    "url": "/flags/"
  },{
    "country": "Kenya",
    "currency": "Shilling",
    "code": "KES",
    "symbol": "KSh",
    "iso-3166": {
      "alpha2": "KE",
      "alpha3": "KEN",
      "numeric": "404"
    },
    "url": "/flags/"
  },{
    "country": "Jersey",
    "currency": "Pound",
    "code": "JEP",
    "symbol": "£",
    "iso-3166": {
      "alpha2": "JE",
      "alpha3": "JEY",
      "numeric": "832"
    },
    "url": "/flags/"
  },{
    "country": "Kazakhstan",
    "currency": "Tenge",
    "code": "KZT",
    "symbol": "лв",
    "iso-3166": {
      "alpha2": "KZ",
      "alpha3": "KAZ",
      "numeric": "398"
    },
    "url": "/flags/"
  },{
    "country": "Korea (North)",
    "currency": "Won",
    "code": "KPW",
    "symbol": "₩",
    "iso-3166": {
      "alpha2": "KP",
      "alpha3": "PRK",
      "numeric": "408"
    },
    "url": "/flags/"
  },{
    "country": "Korea (South)",
    "currency": "Won",
    "code": "KRW",
    "symbol": "₩",
    "iso-3166": {
      "alpha2": "KR",
      "alpha3": "KOR",
      "numeric": "410"
    },
    "url": "/flags/"
  },{
    "country": "Kuwait",
    "currency": "Dinar",
    "code": "KWD",
    "symbol": "KD, د.ك",
    "iso-3166": {
      "alpha2": "KW",
      "alpha3": "KWT",
      "numeric": "414"
    },
    "url": "/flags/"
  },{
    "country": "Kyrgyzstan",
    "currency": "Som",
    "code": "KGS",
    "symbol": "лв",
    "iso-3166": {
      "alpha2": "KG",
      "alpha3": "KGZ",
      "numeric": "417"
    },
    "url": "/flags/"
  },{
    "country": "Laos",
    "currency": "Kip",
    "code": "LAK",
    "symbol": "₭",
    "iso-3166": {
      "alpha2": "LA",
      "alpha3": "LAO",
      "numeric": "418"
    },
    "url": "/flags/"
  },{
    "country": "Latvia",
    "currency": "Lat",
    "code": "LVL",
    "symbol": "Ls",
    "iso-3166": {
      "alpha2": "LV",
      "alpha3": "LVA",
      "numeric": "428"
    },
    "url": "/flags/"
  },{
    "country": "Lebanon",
    "currency": "Pound",
    "code": "LBP",
    "symbol": "£",
    "iso-3166": {
      "alpha2": "LB",
      "alpha3": "LBN",
      "numeric": "422"
    },
    "url": "/flags/"
  },{
    "country": "Liberia",
    "currency": "Dollar",
    "code": "LRD",
    "symbol": "$",
    "iso-3166": {
      "alpha2": "LR",
      "alpha3": "LBR",
      "numeric": "430"
    },
    "url": "/flags/"
  },{
    "country": "Lesotho",
    "currency": "Loti",
    "code": "LSL",
    "symbol": "L",
    "iso-3166": {
      "alpha2": "LS",
      "alpha3": "LSO",
      "numeric": "426"
    },
    "url": "/flags/"
  },{
    "country": "Libya",
    "currency": "Dinar",
    "code": "LYD",
    "symbol": "LD",
    "iso-3166": {
      "alpha2": "LY",
      "alpha3": "LBY",
      "numeric": "434"
    },
    "url": "/flags/"
  },{
    "country": "Lithuania",
    "currency": "Litas",
    "code": "LTL",
    "symbol": "Lt",
    "iso-3166": {
      "alpha2": "LT",
      "alpha3": "LTU",
      "numeric": "440"
    },
    "url": "/flags/"
  },{
    "country": "Morocco",
    "currency": "Dirham",
    "code": "MAD",
    "symbol": "DH",
    "iso-3166": {
      "alpha2": "MA",
      "alpha3": "MAR",
      "numeric": "504"
    },
    "url": "/flags/"
  },{
    "country": "Moldova (the Republic of)",
    "currency": "Leu",
    "code": "MDL",
    "symbol": "L",
    "iso-3166": {
      "alpha2": "MD",
      "alpha3": "MDA",
      "numeric": "498"
    },
    "url": "/flags/"
  },{
    "country": "Madagascar",
    "currency": "Ariary",
    "code": "MGA",
    "symbol": "Ar",
    "iso-3166": {
      "alpha2": "MG",
      "alpha3": "MDG",
      "numeric": "450"
    },
    "url": "/flags/"
  },{
    "country": "Macedonia",
    "currency": "Denar",
    "code": "MKD",
    "symbol": "ден",
    "iso-3166": {
      "alpha2": "MK",
      "alpha3": "MKD",
      "numeric": "807"
    },
    "url": "/flags/"
  },{
    "country": "Myanmar",
    "currency": "Kyat",
    "code": "MMK",
    "symbol": "K",
    "iso-3166": {
      "alpha2": "MM",
      "alpha3": "MMR",
      "numeric": "104"
    },
    "url": "/flags/"
  },{
    "country": "Malaysia",
    "currency": "Ringgit",
    "code": "MYR",
    "symbol": "RM",
    "iso-3166": {
      "alpha2": "MY",
      "alpha3": "MYS",
      "numeric": "458"
    },
    "url": "/flags/"
  },{
    "country": "Mauritius",
    "currency": "Rupee",
    "code": "MUR",
    "symbol": "₨",
    "iso-3166": {
      "alpha2": "MU",
      "alpha3": "MUS",
      "numeric": "480"
    },
    "url": "/flags/"
  },{
    "country": "Mexico",
    "currency": "Peso",
    "code": "MXN",
    "symbol": "$",
    "iso-3166": {
      "alpha2": "MX",
      "alpha3": "MEX",
      "numeric": "484"
    },
    "url": "/flags/"
  },{
    "country": "Mongolia",
    "currency": "Tughrik",
    "code": "MNT",
    "symbol": "₮",
    "iso-3166": {
      "alpha2": "MN",
      "alpha3": "MNG",
      "numeric": "496"
    },
    "url": "/flags/"
  },{
    "country": "Macau",
    "currency": "Pataca",
    "code": "MOP",
    "symbol": "MOP$",
    "iso-3166": {
      "alpha2": "MO",
      "alpha3": "MAC",
      "numeric": "446"
    },
    "url": "/flags/"
  },{
    "country": "Mauritania",
    "currency": "Ouguiya",
    "code": "MRU",
    "symbol": "UM",
    "iso-3166": {
      "alpha2": "MR",
      "alpha3": "MRT",
      "numeric": "478"
    },
    "url": "/flags/"
  },{
    "country": "Mauritania",
    "currency": "Ouguiya",
    "code": "MRO",
    "symbol": "UM",
    "iso-3166": {
      "alpha2": "MR",
      "alpha3": "MRT",
      "numeric": "478"
    },
    "url": "/flags/"
  },{
    "country": "Maldives",
    "currency": "Rufiyaa",
    "code": "MVR",
    "symbol": "Rf",
    "iso-3166": {
      "alpha2": "MV",
      "alpha3": "MDV",
      "numeric": "462"
    },
    "url": "/flags/"
  },{
    "country": "Mozambique",
    "currency": "Metical",
    "code": "MZN",
    "symbol": "MT",
    "iso-3166": {
      "alpha2": "MZ",
      "alpha3": "MOZ",
      "numeric": "508"
    },
    "url": "/flags/"
  },{
    "country": "Namibia",
    "currency": "Dollar",
    "code": "NAD",
    "symbol": "$",
    "iso-3166": {
      "alpha2": "NA",
      "alpha3": "NAM",
      "numeric": "516"
    },
    "url": "/flags/"
  },{
    "country": "Nepal",
    "currency": "Rupee",
    "code": "NPR",
    "symbol": "₨",
    "iso-3166": {
      "alpha2": "NP",
      "alpha3": "NPL",
      "numeric": "524"
    },
    "url": "/flags/"
  },{
    "country": "Netherlands",
    "currency": "Antilles Guilder",
    "code": "ANG",
    "symbol": "ƒ",
    "iso-3166": {
      "alpha2": "NL",
      "alpha3": "NLD",
      "numeric": "528"
    },
    "url": "/flags/"
  },{
    "country": "New Zealand",
    "currency": "Dollar",
    "code": "NZD",
    "symbol": "$",
    "iso-3166": {
      "alpha2": "NZ",
      "alpha3": "NZL",
      "numeric": "554"
    },
    "url": "/flags/"
  },{
    "country": "Nicaragua",
    "currency": "Cordoba",
    "code": "NIO",
    "symbol": "C$",
    "iso-3166": {
      "alpha2": "NI",
      "alpha3": "NIC",
      "numeric": "558"
    },
    "url": "/flags/"
  },{
    "country": "Nigeria",
    "currency": "Naira",
    "code": "NGN",
    "symbol": "₦",
    "iso-3166": {
      "alpha2": "NG",
      "alpha3": "NGA",
      "numeric": "566"
    },
    "url": "/flags/"
  },{
    "country": "Norway",
    "currency": "Krone",
    "code": "NOK",
    "symbol": "kr",
    "iso-3166": {
      "alpha2": "NO",
      "alpha3": "NOR",
      "numeric": "578"
    },
    "url": "/flags/"
  },{
    "country": "Oman",
    "currency": "Rial",
    "code": "OMR",
    "symbol": "﷼",
    "iso-3166": {
      "alpha2": "OM",
      "alpha3": "OMN",
      "numeric": "512"
    },
    "url": "/flags/"
  },{
    "country": "Pakistan",
    "currency": "Rupee",
    "code": "PKR",
    "symbol": "₨",
    "iso-3166": {
      "alpha2": "PK",
      "alpha3": "PAK",
      "numeric": "586"
    },
    "url": "/flags/"
  },{
    "country": "Panama",
    "currency": "Balboa",
    "code": "PAB",
    "symbol": "B/.",
    "iso-3166": {
      "alpha2": "PA",
      "alpha3": "PAN",
      "numeric": "591"
    },
    "url": "/flags/"
  },{
    "country": "Paraguay",
    "currency": "Guarani",
    "code": "PYG",
    "symbol": "Gs",
    "iso-3166": {
      "alpha2": "PY",
      "alpha3": "PRY",
      "numeric": "600"
    },
    "url": "/flags/"
  },{
    "country": "Peru",
    "currency": "Nuevo Sol",
    "code": "PEN",
    "symbol": "S/.",
    "iso-3166": {
      "alpha2": "PE",
      "alpha3": "PER",
      "numeric": "604"
    },
    "url": "/flags/"
  },{
    "country": "Philippines",
    "currency": "Peso",
    "code": "PHP",
    "symbol": "₱",
    "iso-3166": {
      "alpha2": "PH",
      "alpha3": "PHL",
      "numeric": "608"
    },
    "url": "/flags/"
  },{
    "country": "Poland",
    "currency": "Zloty",
    "code": "PLN",
    "symbol": "zł",
    "iso-3166": {
      "alpha2": "PL",
      "alpha3": "POL",
      "numeric": "616"
    },
    "url": "/flags/"
  },{
    "country": "Qatar",
    "currency": "Riyal",
    "code": "QAR",
    "symbol": "﷼",
    "iso-3166": {
      "alpha2": "QA",
      "alpha3": "QAT",
      "numeric": "634"
    },
    "url": "/flags/"
  },{
    "country": "Romania",
    "currency": "New Leu",
    "code": "RON",
    "symbol": "lei",
    "iso-3166": {
      "alpha2": "RO",
      "alpha3": "ROU",
      "numeric": "642"
    },
    "url": "/flags/"
  },{
    "country": "Russia",
    "currency": "Ruble",
    "code": "RUB",
    "symbol": "₽",
    "iso-3166": {
      "alpha2": "RU",
      "alpha3": "RUS",
      "numeric": "643"
    },
    "url": "/flags/"
  },{
    "country": "Saint Helena",
    "currency": "Pound",
    "code": "SHP",
    "symbol": "£",
    "iso-3166": {
      "alpha2": "SH",
      "alpha3": "SHN",
      "numeric": "654"
    },
    "url": "/flags/"
  },{
    "country": "Saudi Arabia",
    "currency": "Riyal",
    "code": "SAR",
    "symbol": "﷼",
    "iso-3166": {
      "alpha2": "SA",
      "alpha3": "SAU",
      "numeric": "682"
    },
    "url": "/flags/"
  },{
    "country": "Serbia",
    "currency": "Dinar",
    "code": "RSD",
    "symbol": "Дин",
    "iso-3166": {
      "alpha2": "RS",
      "alpha3": "SRB",
      "numeric": "688"
    },
    "url": "/flags/"
  },{
    "country": "Seychelles",
    "currency": "Rupee",
    "code": "SCR",
    "symbol": "₨",
    "iso-3166": {
      "alpha2": "SC",
      "alpha3": "SYC",
      "numeric": "690"
    },
    "url": "/flags/"
  },{
    "country": "Singapore",
    "currency": "Dollar",
    "code": "SGD",
    "symbol": "$",
    "iso-3166": {
      "alpha2": "SG",
      "alpha3": "SGP",
      "numeric": "702"
    },
    "url": "/flags/"
  },{
    "country": "Solomon Islands",
    "currency": "Dollar",
    "code": "SBD",
    "symbol": "$",
    "iso-3166": {
      "alpha2": "SB",
      "alpha3": "SLB",
      "numeric": "090"
    },
    "url": "/flags/"
  },{
    "country": "Somalia",
    "currency": "Shilling",
    "code": "SOS",
    "symbol": "S",
    "iso-3166": {
      "alpha2": "SO",
      "alpha3": "SOM",
      "numeric": "706"
    },
    "url": "/flags/"
  },{
    "country": "South Africa",
    "currency": "Rand",
    "code": "ZAR",
    "symbol": "R",
    "iso-3166": {
      "alpha2": "ZA",
      "alpha3": "ZAF",
      "numeric": "710"
    },
    "url": "/flags/"
  },{
    "country": "Sri Lanka",
    "currency": "Rupee",
    "code": "LKR",
    "symbol": "₨",
    "iso-3166": {
      "alpha2": "LK",
      "alpha3": "LKA",
      "numeric": "144"
    },
    "url": "/flags/"
  },{
    "country": "Sweden",
    "currency": "Krona",
    "code": "SEK",
    "symbol": "kr",
    "iso-3166": {
      "alpha2": "SE",
      "alpha3": "SWE",
      "numeric": "752"
    },
    "url": "/flags/"
  },{
    "country": "Switzerland",
    "currency": "Franc",
    "code": "CHF",
    "symbol": "CHF",
    "iso-3166": {
      "alpha2": "CH",
      "alpha3": "CHE",
      "numeric": "756"
    },
    "url": "/flags/"
  },{
    "country": "Suriname",
    "currency": "Dollar",
    "code": "SRD",
    "symbol": "$",
    "iso-3166": {
      "alpha2": "SR",
      "alpha3": "SUR",
      "numeric": "740"
    },
    "url": "/flags/"
  },{
    "country": "Syria",
    "currency": "Pound",
    "code": "SYP",
    "symbol": "£",
    "iso-3166": {
      "alpha2": "SY",
      "alpha3": "SYR",
      "numeric": "760"
    },
    "url": "/flags/"
  },{
    "country": "Taiwan",
    "currency": "New Dollar",
    "code": "TWD",
    "symbol": "NT$",
    "iso-3166": {
      "alpha2": "TW",
      "alpha3": "TWN",
      "numeric": "158"
    },
    "url": "/flags/"
  },{
    "country": "Thailand",
    "currency": "Baht",
    "code": "THB",
    "symbol": "฿",
    "iso-3166": {
      "alpha2": "TH",
      "alpha3": "THA",
      "numeric": "764"
    },
    "url": "/flags/"
  },{
    "country": "Trinidad and Tobago",
    "currency": "Dollar",
    "code": "TTD",
    "symbol": "TT$",
    "iso-3166": {
      "alpha2": "TT",
      "alpha3": "TTO",
      "numeric": "780"
    },
    "url": "/flags/"
  },{
    "country": "Turkey",
    "currency": "Lira",
    "code": "TRL",
    "symbol": "₺",
    "iso-3166": {
      "alpha2": "TR",
      "alpha3": "TUR",
      "numeric": "792"
    },
    "url": "/flags/"
  },{
    "country": "Tuvalu",
    "currency": "Dollar",
    "code": "TVD",
    "symbol": "$",
    "iso-3166": {
      "alpha2": "TV",
      "alpha3": "TUV",
      "numeric": "798"
    },
    "url": "/flags/"
  },{
    "country": "Ukraine",
    "currency": "Hryvna",
    "code": "UAH",
    "symbol": "₴",
    "iso-3166": {
      "alpha2": "UA",
      "alpha3": "UKR",
      "numeric": "804"
    },
    "url": "/flags/"
  },{
    "country": "United Kingdom",
    "currency": "Pound",
    "code": "GBP",
    "symbol": "£",
    "iso-3166": {
      "alpha2": "GB",
      "alpha3": "GBR",
      "numeric": "826"
    },
    "url": "/flags/"
  },{
    "country": "United States",
    "currency": "Dollar",
    "code": "USD",
    "symbol": "$",
    "iso-3166": {
      "alpha2": "US",
      "alpha3": "USA",
      "numeric": "840"
    },
    "url": "/flags/"
  },{
    "country": "Uruguay",
    "currency": "Peso",
    "code": "UYU",
    "symbol": "$U",
    "iso-3166": {
      "alpha2": "UY",
      "alpha3": "URY",
      "numeric": "858"
    },
    "url": "/flags/"
  },{
    "country": "Uzbekistan",
    "currency": "Som",
    "code": "UZS",
    "symbol": "лв",
    "iso-3166": {
      "alpha2": "UZ",
      "alpha3": "UZB",
      "numeric": "860"
    },
    "url": "/flags/"
  },{
    "country": "Venezuela",
    "currency": "Bolivar Fuerte",
    "code": "VEF",
    "symbol": "Bs",
    "iso-3166": {
      "alpha2": "VE",
      "alpha3": "VEN",
      "numeric": "862"
    },
    "url": "/flags/"
  },{
    "country": "Viet Nam",
    "currency": "Dong",
    "code": "VND",
    "symbol": "₫",
    "iso-3166": {
      "alpha2": "VN",
      "alpha3": "VNM",
      "numeric": "704"
    },
    "url": "/flags/"
  },{
    "country": "Yemen",
    "currency": "Rial",
    "code": "YER",
    "symbol": "﷼",
    "iso-3166": {
      "alpha2": "YE",
      "alpha3": "YEM",
      "numeric": "887"
    },
    "url": "/flags/"
  },{
    "country": "Zimbabwe",
    "currency": "Dollar",
    "code": "ZWD",
    "symbol": "Z$",
    "iso-3166": {
      "alpha2": "ZW",
      "alpha3": "ZWE",
      "numeric": "716"
    },
    "url": "/flags/"
  },{
    "country": "Malawi",
    "currency": "Kwacha",
    "code": "MWK",
    "symbol": "K",
    "iso-3166": {
      "alpha2": "MW",
      "alpha3": "MWI",
      "numeric": "454"
    },
    "url": "/flags/"
  },{
    "country": "Papua New Guinea",
    "currency": "Kina",
    "code": "PGK",
    "symbol": "K",
    "iso-3166": {
      "alpha2": "PG",
      "alpha3": "PNG",
      "numeric": "598"
    },
    "url": "/flags/"
  },{
    "country": "Rwanda",
    "currency": "Franc",
    "code": "RWF",
    "symbol": "FRw",
    "iso-3166": {
      "alpha2": "RW",
      "alpha3": "RWA",
      "numeric": "646"
    },
    "url": "/flags/"
  },{
    "country": "Sudan",
    "currency": "Pound",
    "code": "SDG",
    "symbol": "£SD",
    "iso-3166": {
      "alpha2": "SD",
      "alpha3": "SDN",
      "numeric": "729"
    },
    "url": "/flags/"
  },{
    "country": "Sierra Leone",
    "currency": "Leone",
    "code": "SLL",
    "symbol": "Le",
    "iso-3166": {
      "alpha2": "SL",
      "alpha3": "SLE",
      "numeric": "694"
    },
    "url": "/flags/"
  },{
    "country": "South Sudan",
    "currency": "Pound",
    "code": "SSP",
    "symbol": "SS£",
    "iso-3166": {
      "alpha2": "SS",
      "alpha3": "SSD",
      "numeric": "728"
    },
    "url": "/flags/"
  },{
    "country": "São Tomé and Príncipe",
    "currency": "Dobra",
    "code": "STD",
    "symbol": "Db",
    "iso-3166": {
      "alpha2": "ST",
      "alpha3": "STP",
      "numeric": "678"
    },
    "url": "/flags/"
  },{
    "country": "São Tomé and Príncipe",
    "currency": "Dobra",
    "code": "STN",
    "symbol": "Db",
    "iso-3166": {
      "alpha2": "ST",
      "alpha3": "STP",
      "numeric": "678"
    },
    "url": "/flags/"
  },{
    "country": "Eswatini",
    "currency": "Lilangeni",
    "code": "SZL",
    "symbol": "L",
    "iso-3166": {
      "alpha2": "SZ",
      "alpha3": "SWZ",
      "numeric": "748"
    },
    "url": "/flags/"
  },{
    "country": "Tajikistan",
    "currency": "Somoni",
    "code": "TJS",
    "symbol": "SM",
    "iso-3166": {
      "alpha2": "TJ",
      "alpha3": "TJK",
      "numeric": "762"
    },
    "url": "/flags/"
  },{
    "country": "Turkmenistan",
    "currency": "Manat",
    "code": "TMT",
    "symbol": "m",
    "iso-3166": {
      "alpha2": "TM",
      "alpha3": "TKM",
      "numeric": "795"
    },
    "url": "/flags/"
  },{
    "country": "Tunisia",
    "currency": "Dinar",
    "code": "TND",
    "symbol": "د.ت",
    "iso-3166": {
      "alpha2": "TN",
      "alpha3": "TUN",
      "numeric": "788"
    },
    "url": "/flags/"
  },{
    "country": "Tonga",
    "currency": "Paanga",
    "code": "TOP",
    "symbol": "T$",
    "iso-3166": {
      "alpha2": "TO",
      "alpha3": "TON",
      "numeric": "776"
    },
    "url": "/flags/"
  },{
    "country": "Turkey",
    "currency": "Lira",
    "code": "TRY",
    "symbol": "₺",
    "iso-3166": {
      "alpha2": "TR",
      "alpha3": "TUR",
      "numeric": "792"
    },
    "url": "/flags/"
  },{
    "country": "Tanzania",
    "currency": "Shilling",
    "code": "TZS",
    "symbol": "TSh",
    "iso-3166": {
      "alpha2": "TZ",
      "alpha3": "TZA",
      "numeric": "834"
    },
    "url": "/flags/"
  },{
    "country": "Uganda",
    "currency": "Shilling",
    "code": "UGX",
    "symbol": "USh",
    "iso-3166": {
      "alpha2": "UG",
      "alpha3": "UGA",
      "numeric": "800"
    },
    "url": "/flags/"
  },{
    "country": "Venezuela",
    "currency": "Venezuelan bolívar",
    "code": "VES",
    "symbol": "Bs",
    "iso-3166": {
      "alpha2": "VE",
      "alpha3": "VEN",
      "numeric": "862"
    },
    "url": "/flags/"
  },{
    "country": "Vanuatu",
    "currency": "Vatu",
    "code": "VUV",
    "symbol": "VT",
    "iso-3166": {
      "alpha2": "VU",
      "alpha3": "VUT",
      "numeric": "548"
    },
    "url": "/flags/"
  },{
    "country": "Samoa",
    "currency": "Tālā, Tala",
    "code": "WST",
    "symbol": "$",
    "iso-3166": {
      "alpha2": "WS",
      "alpha3": "WSM",
      "numeric": "882"
    },
    "url": "/flags/"
  },{
    "country": "Central African CFA",
    "currency": "Franc",
    "code": "XAF",
    "symbol": "FCFA",
    "iso-3166": {
      "alpha2": "",
      "alpha3": "",
      "numeric": ""
    },
    "url": "/flags/"
  },{
    "country": "Gold",
    "currency": "Silver",
    "code": "XAG",
    "symbol": "ozt, ag",
    "iso-3166": {
      "alpha2": "",
      "alpha3": "",
      "numeric": ""
    },
    "url": "/flags/"
  },{
    "country": "Anguilla, Antigua and Barbuda, Dominica, Grenada, Montserrat, Saint Kitts and Nevis, Saint Lucia, Saint Vincent and the Grenadines",
    "currency": "Eastern Caribbean dollar",
    "code": "XCD",
    "symbol": "EC$",
    "iso-3166": {
      "alpha2": "",
      "alpha3": "",
      "numeric": ""
    },
    "url": "/flags/"
  },{
    "country": "Special drawing rights",
    "currency": "Special drawing rights",
    "code": "XDR",
    "symbol": "SDR",
    "iso-3166": {
      "alpha2": "",
      "alpha3": "",
      "numeric": ""
    },
    "url": "/flags/"
  },{
    "country": "Benin, Burkina Faso, Guinea-Bissau, Ivory Coast, Mali, Niger, Senegal, Togo",
    "currency": "West African CFA franc",
    "code": "XOF",
    "symbol": "CFA",
    "iso-3166": {
      "alpha2": "",
      "alpha3": "",
      "numeric": ""
    },
    "url": "/flags/"
  },{
    "country": "Palladium Ounce",
    "currency": "Palladium Ounce",
    "code": "XPD",
    "symbol": "Ounce",
    "iso-3166": {
      "alpha2": "",
      "alpha3": "",
      "numeric": ""
    },
    "url": "/flags/"
  },{
    "country": "CFP franc",
    "currency": "CFP franc",
    "code": "XPF",
    "symbol": "₣",
    "iso-3166": {
      "alpha2": "",
      "alpha3": "",
      "numeric": ""
    },
    "url": "/flags/"
  },{
    "country": "Platinum Ounces",
    "currency": "Platinum Ounces",
    "code": "XPT",
    "symbol": "XPT",
    "iso-3166": {
      "alpha2": "",
      "alpha3": "",
      "numeric": ""
    },
    "url": "/flags/"
  },{
    "country": "Zambia",
    "currency": "Zambian kwacha",
    "code": "K",
    "symbol": "ZMW",
    "iso-3166": {
      "alpha2": "ZM",
      "alpha3": "ZMB",
      "numeric": "894"
    },
    "url": "/flags/"
  },{
    "country": "Zimbabwe",
    "currency": "Zimbabwean dollar",
    "code": "ZWL",
    "symbol": "$",
    "iso-3166": {
      "alpha2": "ZW",
      "alpha3": "ZWE",
      "numeric": "716"
    },
    "url": "/flags/"
  }
]
